{
  "name": "led",
  "type": "C51",
  "dependenceList": [],
  "srcDirs": [],
  "virtualFolder": {
    "name": "<virtual_root>",
    "files": [],
    "folders": [
      {
        "name": "Source Group 1",
        "files": [
          {
            "path": "delay.c"
          },
          {
            "path": "delay.h"
          },
          {
            "path": "key.c"
          },
          {
            "path": "key.h"
          },
          {
            "path": "LCD1602.c"
          },
          {
            "path": "LCD1602.h"
          },
          {
            "path": "main.c"
          },
          {
            "path": "nixie.c"
          },
          {
            "path": "nixie.h"
          },
          {
            "path": "timer.c"
          },
          {
            "path": "timer.h"
          },
          {
            "path": "uart.c"
          }
        ],
        "folders": []
      }
    ]
  },
  "outDir": "build",
  "deviceName": null,
  "packDir": null,
  "miscInfo": {
    "uid": "3a5b065342ffca092cb916bb8786b46a"
  },
  "targets": {
    "Target 1": {
      "excludeList": [],
      "toolchain": "Keil_C51",
      "compileConfig": {
        "options": "null"
      },
      "uploader": "Custom",
      "uploadConfig": {
        "bin": "",
        "commandLine": "",
        "eraseChipCommand": ""
      },
      "uploadConfigMap": {
        "Custom": {
          "bin": "",
          "commandLine": "",
          "eraseChipCommand": ""
        },
        "stcgal": {
          "bin": "",
          "eepromImgPath": "null",
          "extraOptions": "",
          "options": ".eide/stc.flash.json"
        }
      },
      "custom_dep": {
        "name": "default",
        "incList": [
          "C:/Keil_v5/C51/INC/Atmel",
          "C:/Keil_v5/C51/INC",
          "C:/Keil_v5/C51/INC/Intel"
        ],
        "libList": [],
        "sourceDirList": [],
        "defineList": []
      }
    }
  },
  "version": "3.3"
}